"ISO","COUNTRY","GRP"
"TW","China","BRICS"
"ZA","South Africa","BRICS"
"BR","Brazil","BRICS"
"RU","Russia","BRICS"
"HK","China","BRICS"
"IN","India","BRICS"
"MO","China","BRICS"
"CN","China","BRICS"
"ZA","South Africa","G77"
"SN","Senegal","G77"
"SO","Somalia","G77"
"SR","Suriname","G77"
"ST","Sao Tome and Principe","G77"
"SV","El Salvador","G77"
"SY","Syria","G77"
"SZ","Eswatini","G77"
"TD","Chad","G77"
"TG","Togo","G77"
"TH","Thailand","G77"
"TJ","Tajikistan","G77"
"TL","Timor-Leste","G77"
"TM","Turkmenistan","G77"
"TN","Tunisia","G77"
"TO","Tonga","G77"
"TT","Trinidad and Tobago","G77"
"TZ","Tanzania","G77"
"UG","Uganda","G77"
"UY","Uruguay","G77"
"VC","Saint Vincent and the Grenadines","G77"
"VE","Venezuela","G77"
"VN","Vietnam","G77"
"VU","Vanuatu","G77"
"YE","Yemen","G77"
"ZM","Zambia","G77"
"ZW","Zimbabwe","G77"
"AE","Emirates","G77"
"AF","Afghanistan","G77"
"AG","Antigua and Barbuda","G77"
"AO","Angola","G77"
"AR","Argentina","G77"
"AZ","Azerbaijan","G77"
"BB","Barbados","G77"
"BD","Bangladesh","G77"
"BF","Burkina Faso","G77"
"BH","Bahrain","G77"
"BI","Burundi","G77"
"BJ","Benin","G77"
"BN","Brunei","G77"
"BO","Bolivia","G77"
"BS","Bahamas","G77"
"BT","Bhutan","G77"
"BW","Botswana","G77"
"BZ","Belize","G77"
"CD","DR Congo","G77"
"CF","Central African Republic","G77"
"CG","Congo","G77"
"CI","Ivory Coast","G77"
"CL","Chile","G77"
"CM","Cameroon","G77"
"CO","Colombia","G77"
"CR","Costa Rica","G77"
"CU","Cuba","G77"
"CV","Cabo Verde","G77"
"DJ","Djibouti","G77"
"DM","Dominica","G77"
"DO","Dominican Republic","G77"
"DZ","Algeria","G77"
"EC","Ecuador","G77"
"EG","Egypt","G77"
"ER","Eritrea","G77"
"ET","Ethiopia","G77"
"FJ","Fiji","G77"
"FM","Micronesia","G77"
"GA","Gabon","G77"
"GD","Grenada","G77"
"GH","Ghana","G77"
"GM","Gambia","G77"
"GN","Guinea","G77"
"GQ","Equatorial Guinea","G77"
"GT","Guatemala","G77"
"GW","Guinea-Bissau","G77"
"GY","Guyana","G77"
"HN","Honduras","G77"
"HT","Haiti","G77"
"ID","Indonesia","G77"
"IQ","Iraq","G77"
"IR","Iran","G77"
"JM","Jamaica","G77"
"JO","Jordan","G77"
"KE","Kenya","G77"
"KH","Cambodia","G77"
"KI","Kiribati","G77"
"KM","Comoros","G77"
"KN","Saint Kitts and Nevis","G77"
"KP","North Korea","G77"
"KW","Kuwait","G77"
"LA","Laos","G77"
"LB","Lebanon","G77"
"LC","Saint Lucia","G77"
"LK","Sri Lanka","G77"
"LR","Liberia","G77"
"LS","Lesotho","G77"
"LY","Libya","G77"
"MA","Morocco","G77"
"MG","Madagascar","G77"
"MH","Marshall Islands","G77"
"ML","Mali","G77"
"MM","Burma","G77"
"MN","Mongolia","G77"
"MR","Mauritania","G77"
"MU","Mauritius","G77"
"MV","Maldives","G77"
"MW","Malawi","G77"
"MY","Malaysia","G77"
"MZ","Mozambique","G77"
"NA","Namibia","G77"
"NE","Niger","G77"
"NG","Nigeria","G77"
"NI","Nicaragua","G77"
"NP","Nepal","G77"
"NR","Nauru","G77"
"OM","Oman","G77"
"PA","Panama","G77"
"PE","Peru","G77"
"PG","Papua New Guinea","G77"
"PH","Philippines","G77"
"PK","Pakistan","G77"
"PS","Palestine","G77"
"PY","Paraguay","G77"
"QA","Qatar","G77"
"RW","Rwanda","G77"
"SB","Solomon Islands","G77"
"SC","Seychelles","G77"
"SD","Sudan","G77"
"SS","South Sudan","G77"
"SG","Singapore","G77"
"SL","Sierra Leone","G77"
"BR","Brazil","G77"
"IN","India","G77"
"SA","Saudi Arabia","G77"
"JE","United Kingdom","OECD"
"KY","United Kingdom","OECD"
"MS","United Kingdom","OECD"
"PN","United Kingdom","OECD"
"SH","United Kingdom","OECD"
"TC","United Kingdom","OECD"
"VG","United Kingdom","OECD"
"AN","Netherlands","OECD"
"AW","Netherlands","OECD"
"BQ","Netherlands","OECD"
"CW","Netherlands","OECD"
"SX","Netherlands","OECD"
"BV","Norway","OECD"
"SJ","Norway","OECD"
"CK","New Zealand","OECD"
"NU","New Zealand","OECD"
"TK","New Zealand","OECD"
"AS","United States","OECD"
"GU","United States","OECD"
"MP","United States","OECD"
"PR","United States","OECD"
"UM","United States","OECD"
"VI","United States","OECD"
"CO","Colombia","OECD"
"TR","Turkey","OECD"
"US","United States","OECD"
"WF","France","OECD"
"YT","France","OECD"
"AT","Austria","OECD"
"AU","Australia","OECD"
"BE","Belgium","OECD"
"CA","Canada","OECD"
"CZ","Czech Republic","OECD"
"DE","Germany","OECD"
"DK","Denmark","OECD"
"EE","Estonia","OECD"
"ES","Spain","OECD"
"FI","Finland","OECD"
"FR","France","OECD"
"GB","United Kingdom","OECD"
"GR","Greece","OECD"
"HU","Hungary","OECD"
"IE","Ireland","OECD"
"IL","Israel","OECD"
"IS","Iceland","OECD"
"IT","Italy","OECD"
"JP","Japan","OECD"
"KR","South Korea","OECD"
"LT","Lithuania","OECD"
"LU","Luxembourg","OECD"
"LV","Latvia","OECD"
"MX","Mexico","OECD"
"NL","Netherlands","OECD"
"NO","Norway","OECD"
"NZ","New Zealand","OECD"
"PL","Poland","OECD"
"PT","Portugal","OECD"
"SE","Sweden","OECD"
"SI","Slovenia","OECD"
"SK","Slovakia","OECD"
"CL","Chile","OECD"
"CH","Switzerland","OECD"
"CR","Costa Rica","OECD"
"CC","Australia","OECD"
"CX","Australia","OECD"
"HM","Australia","OECD"
"NF","Australia","OECD"
"FO","Denmark","OECD"
"GL","Denmark","OECD"
"BL","France","OECD"
"GF","France","OECD"
"GP","France","OECD"
"MF","France","OECD"
"MQ","France","OECD"
"NC","France","OECD"
"PF","France","OECD"
"PM","France","OECD"
"RE","France","OECD"
"TF","France","OECD"
"AX","Finland","OECD"
"AI","United Kingdom","OECD"
"BM","United Kingdom","OECD"
"FK","United Kingdom","OECD"
"GG","United Kingdom","OECD"
"GI","United Kingdom","OECD"
"GS","United Kingdom","OECD"
"IM","United Kingdom","OECD"
"IO","United Kingdom","OECD"
